t_s,plunger_pos_m,plunger_speed_m_s
0.0,0.0,0.0
0.000248,2.3e-05,0.1862
0.000497,9.2e-05,0.3722
0.000745,0.000208,0.5575
0.000993,0.000369,0.742
0.001242,0.000576,0.9254
0.00149,0.000829,1.1073
0.001739,0.001126,1.2876
0.001987,0.001468,1.4658
0.002235,0.001854,1.6418
0.002484,0.002284,1.8152
0.002732,0.002756,1.9859
